{
  "episode": 500,
  "episode_rewards": [
    -120.76287866812372,
    -53.12749365903384,
    -188.1721387130762,
    -168.68134804774508,
    -35.90189589919889,
    -57.46277299257118,
    -40.44203224435276,
    -164.99685898864928,
    -87.86879500587553,
    -119.54018787085816,
    -91.72642217317377,
    -39.437226107403816,
    -231.01415996528848,
    -34.023295970863884,
    -44.73458251978796,
    -31.888093527844994,
    -31.966809202369028,
    -92.65109334437939,
    -176.56352146176982,
    -229.93235536729878,
    -46.366770171028236,
    -88.5436122940112,
    -121.93635816323064,
    -41.84304319766684,
    -76.69946466019162,
    -195.1457952166217,
    -47.29265325274018,
    -90.4131794453629,
    -338.45938894838673,
    -374.2629391569589,
    -35.01003432395459,
    -270.16643726143724,
    -262.5174101776684,
    -249.97933753657787,
    -115.34319375189997,
    -41.18203632430885,
    -60.93103999100076,
    -69.50563995564781,
    -119.05941566860305,
    -285.8237364127343,
    -82.99841872095776,
    -179.0435812187523,
    -169.5649004095584,
    -463.68514402465024,
    -296.06143441951974,
    -107.94971521209551,
    -481.36206308735075,
    -522.2973590881041,
    -120.43997582058884,
    -140.60038120321758,
    -165.58128127684154,
    -431.2804297737518,
    -326.15369554334814,
    -440.72308821704655,
    -236.32495574406195,
    -182.88148374459539,
    -571.866417179521,
    -451.4100859499378,
    -280.7477998072648,
    -190.86126808616595,
    -161.94733048359706,
    -78.95088382322514,
    -86.65064896859306,
    -79.3784740503444,
    -222.85830292809845,
    -103.80122800579927,
    -322.03307530065314,
    -490.83710572324435,
    -102.89218346532611,
    -306.2123706095679,
    -237.08969828546168,
    -225.10715419861728,
    -189.2142725554041,
    -360.9902365211612,
    -173.62721183461818,
    -225.21718180951046,
    -87.63137419531994,
    -359.6327054526056,
    -275.39886257410996,
    -226.59111950939229,
    -344.8486021187192,
    -127.34371350079128,
    -67.13102544497009,
    -715.5981521004633,
    -88.67059333427187,
    -42.316263335218196,
    -455.0281303503129,
    -29.537057819302678,
    -242.19561390723703,
    -56.47526654248717,
    -121.39805955650982,
    -372.12674578420007,
    -200.45495975694058,
    -312.11382237868264,
    -197.4894155555064,
    -159.13428998438815,
    -204.89354716945707,
    -71.41492549396919,
    -216.16191563750684,
    -50.33996969850017,
    -161.88917063656527,
    -213.74179925559358,
    -129.99679280666012,
    -80.4784258692309,
    -154.55881693048588,
    -335.26904761964374,
    -30.236403440391488,
    -144.36190749609,
    -42.418802467055684,
    -102.39510114596924,
    -63.22611883939372,
    -282.65390726488204,
    -167.7797711281189,
    -59.41679564187376,
    -74.12563626197579,
    -177.3895850698617,
    -44.16945012620258,
    -181.8053405925108,
    -23.8012070110111,
    -148.45931564725154,
    -44.89738736133496,
    -22.361275553425894,
    -156.0192148084999,
    -128.7828103509065,
    -30.09064953987853,
    -57.356462488149496,
    -126.60173936220487,
    -49.002021566071015,
    -79.64750117475177,
    -9.323457749630379,
    -67.61386593623305,
    -36.18698543522279,
    -31.000559539242044,
    -79.68128240411974,
    -183.89816795184112,
    -75.18927173944591,
    -76.65834327681137,
    -158.11664843433317,
    -180.42104011283277,
    -93.90928944916215,
    -204.45326357463765,
    -203.19314876970412,
    -99.53806177118646,
    -33.58651411886134,
    -113.9041480203685,
    -166.49728624921363,
    -186.5716727430412,
    -546.7427997771562,
    -121.8762347534031,
    -253.00770193439888,
    -266.321575996773,
    -293.4770373040691,
    -400.7515580240178,
    -152.8898047010371,
    -29.492228268402542,
    -327.22971541776104,
    -237.40703391555354,
    -207.68462210000766,
    -123.86319423591763,
    -88.17036145022149,
    -248.50613594184904,
    -645.9806926929649,
    -235.35882244682134,
    -731.8133526605477,
    -447.0604461229486,
    -181.714236968562,
    -559.3678238525738,
    -178.50639663954257,
    -221.26406729478234,
    -115.21761098307582,
    -117.2092245795198,
    -288.0139734966511,
    -312.72309603979295,
    -210.09127779776065,
    -141.82699839592806,
    -626.6450183786604,
    -80.64431057606345,
    -279.201033898773,
    -155.64376834514206,
    -198.44497939459094,
    -146.81391348958755,
    -327.744022023835,
    -147.3225220373815,
    -411.00736895931357,
    -327.2539582592608,
    -114.35148535840256,
    -221.32391559306106,
    -317.69285938749215,
    -201.18991719192377,
    -628.8379840552298,
    -138.50087969932758,
    -266.2439366016075,
    -62.98819506335227,
    -215.36694194480117,
    -131.50809160480256,
    -108.97415087147084,
    -227.0606551625415,
    -468.463263703005,
    -94.63269070238508,
    -31.081730722708333,
    -299.0361561343349,
    -94.37873059051806,
    -108.75214713781996,
    -195.90009909338676,
    -65.36401193713702,
    -68.48398571039192,
    -121.53120102483967,
    -92.14607918983732,
    -59.66074521561974,
    -13.734686109315186,
    -101.3473791140114,
    -74.97755506916083,
    -112.66818848821437,
    -61.31159397437188,
    -75.2039388582196,
    -22.8895545181962,
    -8.628149950080156,
    -68.90472005893372,
    -174.55174099982753,
    -21.871899345047723,
    -101.82115974839056,
    -57.77141771228907,
    -43.98027384063996,
    -48.43526358819419,
    -110.73171617429146,
    -54.09133452252009,
    -214.14697197000382,
    -200.16153421777312,
    -19.315862800086823,
    -9.318298664223839,
    -147.7312197754224,
    -83.79506586955284,
    -53.445916606198146,
    -215.6043306493001,
    -89.72865946015685,
    -71.43384491227764,
    -100.9042254185501,
    -44.24396995549809,
    -50.81882866735367,
    -40.80608957050728,
    -144.55455489826866,
    -82.98160551509666,
    -102.66574108698204,
    -81.95623485830924,
    -330.9298388535907,
    -333.1480546071293,
    -76.27227883355779,
    -65.81567720332825,
    -258.18693538628696,
    -360.0530159135223,
    -77.07819246482502,
    -191.42250226836802,
    -74.45057869079909,
    -102.93508503424464,
    -58.07780094724249,
    -181.37409649849621,
    -215.21001748092237,
    -301.0044244557381,
    -124.83638651513742,
    -525.5392823030134,
    -651.3523490604714,
    -195.86964051693323,
    -254.2186212384093,
    -78.5789172924834,
    -490.7018840385638,
    -92.80582799694741,
    -102.1190564219883,
    -199.93364863721482,
    -222.21249675777418,
    -128.77324010045658,
    -233.2446603785129,
    -321.6325637977074,
    -458.03945570025064,
    -118.94189784621655,
    -485.9749670986744,
    -174.17522959069854,
    -41.034237897718796,
    -147.730224799561,
    -151.5233592984597,
    -250.25312207274095,
    -341.8680547262886,
    -535.2527271046973,
    -62.43330666690731,
    -102.8056448782389,
    -255.61524560155522,
    -159.1351790975447,
    -54.01744802646356,
    -162.44776748304767,
    -211.4090204399674,
    -119.85728246016984,
    -147.08845261014002,
    -611.4613816657178,
    -72.8240482150232,
    -319.9377442326404,
    -157.0459697599889,
    -329.2141833725595,
    -373.8933912451492,
    -236.69190538929132,
    -600.7169799066937,
    -334.14000385672216,
    -200.94349993815123,
    -179.6993011612155,
    -185.59108395007615,
    -222.8977041256278,
    -279.27684388148054,
    -266.40465615409636,
    -192.40507289285028,
    -315.71060975042576,
    -187.50423147581253,
    -87.8182957037933,
    -126.66199816086902,
    -280.682573833916,
    -514.2993810750572,
    -180.25561020956428,
    -206.96280714381302,
    -33.46307661720596,
    -330.54007492492286,
    -104.39014657146754,
    -267.2243779688537,
    -163.31369458925212,
    -416.0340610015012,
    -99.56966477933395,
    -141.82214918615517,
    -469.2449304868077,
    -156.79228124370118,
    -108.75700976393176,
