{
  "episode": 500,
  "episode_rewards": [
    -127.41156934600792,
    -131.24299039524715,
    -36.06646546605873,
    -4.53700790512304,
    -94.90314640380602,
    -11.842049425720532,
    -88.92935040233,
    -188.97168515459106,
    -1.7243823729969503,
    -36.30689127612373,
    -106.80910018667154,
    -11.57483247988159,
    -3.8040655232523264,
    -10.97366097021316,
    -1.6837558187469015,
    -184.51991727988948,
    -72.14275193911492,
    -60.643677413869675,
    -98.72011790190226,
    -45.469160903532625,
    -28.547456082986027,
    -124.6618152107948,
    -31.59996354494259,
    -100.04555052777914,
    -32.97828989612826,
    -158.16578269395387,
    -12.250747936116898,
    -74.26218629536977,
    -198.85003442243803,
    -8.044219857539119,
    -220.91270041235614,
    -24.96554323210811,
    -14.651909163027561,
    -86.05285222231441,
    -22.738096861598656,
    -67.3831088696297,
    -16.016212759894245,
    -50.9730241806644,
    -110.7857836228648,
    -54.89575781887686,
    -41.78557633922278,
    -145.65698628772003,
    -121.77834291592796,
    -112.48797075359866,
    -13.634275581533585,
    -74.1375550213079,
    -98.6764140203909,
    -29.33518905824172,
    -15.213973110526943,
    -95.97854101975165,
    -75.18939982470859,
    -175.27916059875793,
    -131.94704142463928,
    -20.068170848075976,
    -60.65318149979925,
    -191.63235805657098,
    -295.9079017230198,
    -352.6879813421789,
    -50.61964684784264,
    -158.92242758509607,
    -84.64706554339999,
    -18.987275489671006,
    -54.1383711250602,
    -36.97604697830326,
    -26.158048344562886,
    -125.43508291788177,
    -88.27066583249139,
    -332.7620109481948,
    -299.1147235197545,
    -249.04368818262998,
    -119.07839405984461,
    -224.5519270137102,
    -224.9814486769559,
    -222.178072299884,
    -119.04248643896354,
    -192.593491581749,
    -159.4079095039019,
    -197.5600798896983,
    -313.2861203052139,
    -138.34598176195726,
    -141.62769054363375,
    -33.8250370726778,
    -153.11580681946853,
    -66.15948721125022,
    -126.80673176416067,
    -280.30669375830786,
    -172.5265714541693,
    -223.27486346445824,
    -152.00072042545236,
    -102.35462469081536,
    -56.09269259629575,
    -50.285162158858824,
    -67.24853246215514,
    -56.612684707892214,
    -41.850271853939645,
    -228.78587322205993,
    -141.10659372203577,
    -244.22025862252235,
    -117.81454778460721,
    -126.28829798230362,
    -153.61206864969918,
    -140.0103511874164,
    -156.42878208227677,
    -65.1203695605426,
    -226.12774236897855,
    -228.90690779770492,
    -49.88399110015661,
    -112.83452735663506,
    -253.1518497006769,
    -332.75067319401876,
    -131.10614107013777,
    -148.01178388081442,
    -154.74593579413303,
    -242.8293152076856,
    -243.7825364020388,
    -96.22240362659167,
    -302.96277282240646,
    -284.1902571262392,
    -108.52112842601026,
    -230.5443932919463,
    -72.91938762636049,
    -173.10252089988043,
    -196.86454900122507,
    -136.00450967241815,
    -438.82950377873647,
    -358.8279105164327,
    -236.73328555317994,
    -63.980407616843216,
    -211.64200927107078,
    -118.79521717832606,
    -112.75358423211398,
    -325.58978942919566,
    -248.55407100684258,
    -230.86808531350027,
    -134.7901870295698,
    -233.7575441760424,
    -113.54675401896283,
    -300.69833039167827,
    -208.14619960103155,
    -438.52443430762077,
    -115.04135311675181,
    -75.54862679813556,
    -412.29301252018683,
    -185.7342318375194,
    -540.8286993276067,
    -681.485778297635,
    -349.10830260660146,
    -195.75482342441813,
    -180.38492652907064,
    -289.1094347930775,
    -165.14894969694856,
    -111.54440785166517,
    -94.520209126261,
    -446.4131733788057,
    -72.09296253217899,
    -171.237837796894,
    -104.70070526591599,
    -460.33493171819936,
    -332.4973993175287,
    -165.1069300864945,
    -261.202067197843,
    -187.61393533925835,
    -525.7008274221282,
    -254.65675159897424,
    -290.09375305438283,
    -402.87907972484646,
    -98.28826882275693,
    -351.46736124810616,
    -68.17432040359898,
    -370.52794430275776,
    -90.57316275992333,
    -140.78342651540126,
    -239.71281942480954,
    -241.04367868470368,
    -117.18133833680405,
    -704.2645741883168,
    -175.20056524981078,
    -141.42056455271498,
    -265.60985312823857,
    -193.8531792885031,
    -281.6831953569836,
    -192.2617613286582,
    -377.7432619784952,
    -253.1830243553896,
    -484.9023441296429,
    -165.34866291336533,
    -236.47807623505034,
    -134.374350618893,
    -414.6398003544581,
    -464.74218667258936,
    -302.08369912368505,
    -235.50800503701964,
    -354.801659674336,
    -268.0646821913618,
    -76.71107382624551,
    -244.29091818182388,
    -233.41288132417014,
    -152.0837059632953,
    -371.1692143331493,
    -272.7742545790446,
    -419.23240504534317,
    -608.9867709303529,
    -514.111338075938,
    -532.4608511372923,
    -329.4250800752521,
    -161.80948185235383,
    -302.5185744572382,
    -245.29359157036833,
    -256.29521337146804,
    -198.0167794237378,
    -514.1814803996294,
    -464.30761327941923,
    -272.42491217661126,
    -320.10187747469587,
    -353.32549599260204,
    -454.0276727787044,
    -526.7711126258142,
    -482.80701559573004,
    -173.9183245722398,
    -178.30422919169962,
    -496.61401137953953,
    -686.6262758777652,
    -618.1503079490436,
    -265.136183052996,
    -398.08956775614604,
    -348.31566099614435,
    -178.95833054299965,
    -330.3938372228389,
    -367.01575269428315,
    -541.1842781256742,
    -167.5372358492824,
    -234.88445546451968,
    -230.88846746965476,
    -214.6828679146351,
    -864.0215991533206,
    -345.3224064724669,
    -689.5843269687173,
    -195.7224095969459,
    -218.47576468686302,
    -767.4391213087916,
    -474.4154746545052,
    -494.39043065485146,
    -518.8531632032325,
    -272.15978237769593,
    -272.61217523304833,
    -613.6726450489291,
    -585.2669317687386,
    -155.43265731521296,
    -158.9055201728112,
    -270.60415249284625,
    -997.6131933429624,
    -259.72470372996645,
    -521.2403421005714,
    -440.82509612751056,
    -500.47314181779996,
    -339.4130081167797,
    -455.3605053991513,
    -380.8012785002651,
    -291.938631185145,
    -536.5546071061044,
    -386.0250534652867,
    -283.681367356528,
    -746.8507898846638,
    -590.3617053210103,
    -141.11766634679196,
    -528.327286344738,
    -454.6215545698854,
    -376.9961961430278,
    -275.6529060729478,
    -109.63979777451817,
    -642.9919403840862,
    -237.88440405327273,
    -150.93633336370777,
    -236.4843485939213,
    -236.10680819521247,
    -112.0496629508743,
    -144.76373229479253,
    -183.681964212445,
    -308.272620415943,
    -440.0872183359205,
    -302.50300640568196,
    -190.91198777506517,
    -356.3005986955544,
    -301.2367136158201,
    -200.35554121462337,
    -603.2819940071148,
    -413.3212120028603,
    -179.8310397298398,
    -67.22206485124961,
    -117.81655108679895,
    -129.31623250597877,
    -109.58307140346278,
    -76.08499468997806,
    -503.16480312347403,
    -322.6329052868415,
    -224.66491775183857,
    -91.18801000886019,
    -170.62370499575212,
    -221.26303635479783,
    -109.98083283727843,
    -159.3582376380403,
    -207.57701256735314,
    -345.7935359454915,
    -237.16130711062368,
    -47.65541170853616,
    -29.825079587555052,
    -95.53332157958053,
    -204.70663045926491,
    -102.2421057101019,
    -26.3419397326687,
    -23.43134104430354,
    -251.8421688059131,
    -80.25071158561968,
    -211.3935763132999,
    -74.8094134234574,
    -55.36697875543111,
    -32.56818781812494,
    -156.5395660675586,
    -72.35447760111916,
    -69.89098090349081,
    -42.241137130898345,
    -188.2815036509896,
    -144.55471989787122,
    -116.65999311804221,
    -116.97913045832709,
    -88.05832756694028,
